record_num,id,precursor,decision,reason,source,title,authors,year,journal,doi,pmid,link,exclusion_reason,pdf_file,fulltext_note
4,41540253,none,EXCLUDE,No NMN/NR,abstract,The differential impact of three different NAD(+) boosters on circulatory NAD and  microbial metabolism in humans.,Christen S; Redeuil K; Goulet L...,2026,Nature metabolism,10.1038/s42255-025-01421-8,41540253,https://doi.org/10.1038/s42255-025-01421-8,,,
8,40943905,none,EXCLUDE,No NMN/NR,abstract,Next-Gen Neuroprotection in Glaucoma: Synergistic Molecules for Targeted Therapy.,Martucci A; Cesareo M; Pinazo-Duran MD...,2025,Journal of clinical medicine,10.3390/jcm14176145,40943905,https://doi.org/10.3390/jcm14176145,,,
16,39816194,none,EXCLUDE,No NMN/NR,title/abstract,"Multi-omics characterization of improved cognitive functions in Parkinson's  disease patients after the combined metabolic activator treatment: a randomized, double-blinded, placebo-controlled phase II trial.",Yulug B; Altay O; Li X...,2025,Brain communications,10.1093/braincomms/fcae478,39816194,https://doi.org/10.1093/braincomms/fcae478,,,
26,38811634,none,EXCLUDE,No NMN/NR,screening,"A randomized, controlled clinical trial demonstrates improved owner-assessed  cognitive function in senior dogs receiving a senolytic and NAD+ precursor combination.",Simon KE; Russell K; Mondino A...,2024,Scientific reports,10.1038/s41598-024-63031-w,38811634,https://doi.org/10.1038/s41598-024-63031-w,,,
35,37271226,none,EXCLUDE,No NMN/NR,abstract,The acute effect of different NAD(+) precursors included in the combined  metabolic activators.,Li X; Yang H; Jin H...,2023,Free radical biology & medicine,10.1016/j.freeradbiomed.2023.05.032,37271226,https://doi.org/10.1016/j.freeradbiomed.2023.05.032,,,
41,36740954,none,EXCLUDE,No NMN/NR,title/abstract,Nicotinamide Adenine Dinucleotide Augmentation in Overweight or Obese Middle-Aged  and Older Adults: A Physiologic Study.,Pencina KM; Valderrabano R; Wipper B...,2023,The Journal of clinical endocrinology and metabolism,10.1210/clinem/dgad027,36740954,https://doi.org/10.1210/clinem/dgad027,,,
61,34180141,none,EXCLUDE,No NMN/NR,title/abstract,Combined Metabolic Activators Accelerates Recovery in Mild-to-Moderate COVID-19.,Altay O; Arif M; Li X...,2021,"Advanced science (Weinheim, Baden-Wurttemberg, Germany)",10.1002/advs.202101222,34180141,https://doi.org/10.1002/advs.202101222,,,
67,32758058,none,EXCLUDE,No NMN/NR,screening,Modulation of Energy Sensing by Leucine Synergy with Natural Sirtuin Activators:  Effects on Health Span.,Zemel MB,2020,Journal of medicinal food,10.1089/jmf.2020.0105,32758058,https://doi.org/10.1089/jmf.2020.0105,,,
79,25352640,none,EXCLUDE,No NMN/NR,abstract,Evidence for a direct effect of the NAD+ precursor acipimox on muscle  mitochondrial function in humans.,van de Weijer T; Phielix E; Bilet L...,2015,Diabetes,10.2337/db14-0667,25352640,https://doi.org/10.2337/db14-0667,,,
80,15203886,none,EXCLUDE,No NMN/NR,abstract screen,Nicotinamide effects oxidative burst activity of neutrophils in patients with  poorly controlled type 2 diabetes mellitus.,Osar Z; Samanci T; Demirel GY...,2004,Experimental diabesity research,10.1080/15438600490424244,15203886,https://doi.org/10.1080/15438600490424244,,,
82,CN-02824486,none,EXCLUDE,No NMN/NR,abstract,Tracing the Metabolic Flux of Orally Administered NAD+ Precursors,"NCT06882096,",2025,https://clinicaltrials.gov/ct2/show/NCT06882096,,02824486,https://clinicaltrials.gov/study/NCT06882096,,,
83,CN-02867046,none,EXCLUDE,No NMN/NR,abstract screen,Comparisons of NAD Precursors for Neuroenhancement in Glaucoma Patients,"NCT06991712,",2025,https://clinicaltrials.gov/ct2/show/NCT06991712,,02867046,https://clinicaltrials.gov/study/NCT06991712,,,
85,CN-02932080,none,EXCLUDE,No NMN/NR,abstract screen,Individualized exercise and NAD+ precursor supplementation in Friedreich’s Ataxia: a randomized controlled trial,"Lin, KY; Bucha, A; McSweeney, K...",2025,SSRN,10.2139/ssrn.5698224,02932080,https://doi.org/10.2139/ssrn.5698224,,,
88,CN-02456938,none,EXCLUDE,No NMN/NR,abstract,Effect of Oral NAD+ Precursors Administration on Blood NAD+ Concentration in Healthy Adults,"NCT05517122,",2022,https://clinicaltrials.gov/ct2/show/NCT05517122,,02456938,https://clinicaltrials.gov/study/NCT05517122,,,
91,CN-02053033,none,EXCLUDE,No NMN/NR,abstract screen,NAD+ and Exercise in FA,"NCT04192136,",2019,https://clinicaltrials.gov/ct2/show/NCT04192136,,02053033,https://clinicaltrials.gov/study/NCT04192136,,,
92,CN-02307825,none,EXCLUDE,No NMN/NR,title/abstract,Sirtuin-NAD Activator in Alzheimer's Disease,"NCT05040321,",2021,https://clinicaltrials.gov/ct2/show/NCT05040321,,02307825,https://clinicaltrials.gov/study/NCT05040321,,,
104,CN-02572259,none,EXCLUDE,No NMN/NR,title/abstract,Longitudinal metabolomics analysis reveals the acute effect of cysteine and NAC included in the combined metabolic activators,"Yang, H; Li, X; Jin, H...",2023,Free radical biology &amp; medicine,10.1016/j.freeradbiomed.2023.05.013,02572259,https://doi.org/10.1016/j.freeradbiomed.2023.05.013,,,
105,CN-00359075,none,EXCLUDE,No NMN/NR,abstract,Nicotinamide counteracts alcohol-induced impairment of hepatic protein metabolism in humans,"Volpi, E; Lucidi, P; Cruciani, G...",1997,Journal of nutrition,10.1093/jn/127.11.2199,00359075,https://doi.org/10.1093/jn/127.11.2199,,,
114,CN-02948220,none,EXCLUDE,No NMN/NR,screening,Developing Topics,"Martens, CR; Decker, KP; DeConne, TM...",2025,Alzheimer's &amp; dementia,10.1002/alz70861_108851,02948220,https://doi.org/10.1002/alz70861_108851,,,
120,CN-01004275,none,EXCLUDE,No NMN/NR,title/abstract,Nicotinamide for skin cancer chemoprevention,"Chen, AC; Martin, AJ; Halliday, GM...",2012,Asia-Pacific journal of clinical oncology,10.1111/ajco.12030,01004275,https://doi.org/10.1111/ajco.12030,,,
130,CN-02179127,none,EXCLUDE,No NMN/NR,abstract,Improvement in inner retinal function in glaucoma in response to nicotinamide (Vitamin B3) supplementation: a crossover randomized clinical trial,"Hui, F; Tang, J; Williams, P...",2020,Investigative ophthalmology &amp; visual science,,02179127,https://pubmed.ncbi.nlm.nih.gov/02179127,,,
134,CN-02885480,none,EXCLUDE,No NMN/NR,abstract screen,Effect of Sevelamer versus Bifidobacterium longum on Insulin Sensitivity in Subjects with Obesity,"Baeuerle, E; Semwal, MK; Nie, J...",2025,medRxiv: the preprint server for health sciences,10.1101/2025.06.23.25327556,02885480,https://doi.org/10.1101/2025.06.23.25327556,,,
169,CN-02594401,none,EXCLUDE,No NMN/NR,title/abstract,SENolytics to Improve Osteoporosis Therapy,"NCT06018467,",2023,https://clinicaltrials.gov/ct2/show/NCT06018467,,02594401,https://clinicaltrials.gov/study/NCT06018467,,,
186,CN-02181681,none,EXCLUDE,No NMN/NR,abstract,Metabolic Cofactor Supplementation and Hydroxychloroquine Combination in Covid-19 Patients,"NCT04573153,",2020,https://clinicaltrials.gov/ct2/show/NCT04573153,,02181681,https://clinicaltrials.gov/study/NCT04573153,,,
198,CN-02928861,none,EXCLUDE,No NMN/NR,abstract,Controlled-Ileocolonic-Release Nicotinamide (CICR-NAM): pharmacokinetics And Dose Finding,"Desaga, E; Waetzig, GH; Liu, S...",2025,Aktuelle Ernahrungsmedizin,10.1055/s-0045-1809104,02928861,https://doi.org/10.1055/s-0045-1809104,,,
200,CN-02572901,none,EXCLUDE,No NMN/NR,screening,"A Phase I, double-blind, randomised, placebo-controlled, single-ascending and multiple-ascending dose trial to evaluate the safety and pharmacokinetics of oral controlled-ileal-release nicotinic acid (CIR-NA) compared to immediate-release nicotinic acid and placebo in healthy subjects and subjects with prediabetes","DRKS00030865,",2022,https://trialsearch.who.int/Trial2.aspx?TrialID=DRKS00030865,,02572901,https://drks.de/search/en/trial/DRKS00030865,,,
209,CN-02289611,none,EXCLUDE,No NMN/NR,abstract screen,NR Supplementation and Exercise,"NCT04907110,",2021,https://clinicaltrials.gov/show/NCT04907110,,02289611,https://clinicaltrials.gov/study/NCT04907110,,,
214,CN-02536207,none,EXCLUDE,No NMN/NR,abstract screen,NAD+ BIOLOGY AS A POTENTIAL THERAPEUTIC TARGET FOR DIABETIC NEUROPATHY,"Yoshino, J",2023,Journal of the peripheral nervous system,10.1111/jns.12527,02536207,https://doi.org/10.1111/jns.12527,,,
216,CN-01966277,none,EXCLUDE,No NMN/NR,abstract screen,Effect of Basis™ and High Intensity Interval Training (HIIT) on Muscle Metabolism and Exercise Performance,"NCT04050358,",2019,https://clinicaltrials.gov/show/NCT04050358,,01966277,https://clinicaltrials.gov/study/NCT04050358,,,
237,CN-02366855,none,EXCLUDE,No NMN/NR,abstract,Exercise Training and NR Supplementation Trial to Improve Fitness in AYA HCT Survivors,"NCT05194397,",2021,https://clinicaltrials.gov/ct2/show/NCT05194397,,02366855,https://clinicaltrials.gov/study/NCT05194397,,,
238,CN-00618650,none,EXCLUDE,No NMN/NR,abstract,Effect of dronedarone on renal function in healthy subjects,"Tschuppert, Y; Buclin, T; Rothuizen, LE...",2007,British journal of clinical pharmacology,10.1111/j.1365-2125.2007.02998.x,00618650,https://doi.org/10.1111/j.1365-2125.2007.02998.x,,,
335,CN-02632460,none,EXCLUDE,No NMN/NR,abstract screen,The NADAPT Study: a Randomized Double-blind Trial of NAD Replenishment Therapy for Atypical Parkinsonism,"NCT06162013,",2023,https://clinicaltrials.gov/ct2/show/NCT06162013,,02632460,https://clinicaltrials.gov/study/NCT06162013,,,
343,CN-01494715,none,EXCLUDE,No NMN/NR,abstract,"Pharmacokinetics, Pharmacodynamics and Safety of Basis in Acute Kidney Injury Study","NCT03176628,",2017,https://clinicaltrials.gov/show/NCT03176628,,01494715,https://clinicaltrials.gov/study/NCT03176628,,,
357,CN-02945443,none,EXCLUDE,No NMN/NR,screening,NAD Augmentation to Prevent or Reverse Alzheimer's Disease in People With Down Syndrome,"NCT07278492,",2025,https://clinicaltrials.gov/study/NCT07278492,,02945443,https://clinicaltrials.gov/study/NCT07278492,,,
394,CN-01260124,none,EXCLUDE,No NMN/NR,abstract,The Effects of Nitrate-Rich Supplementation on Neuromuscular Efficiency during Heavy Resistance Exercise,"Flanagan, SD; Looney, DP; Miller, MJ...",2016,Journal of the American College of Nutrition,10.1080/07315724.2015.1081572,01260124,https://doi.org/10.1080/07315724.2015.1081572,,,
409,CN-02476448,none,EXCLUDE,No NMN/NR,abstract,Slow Age: interventions to Slow Aging in Humans,"NCT05593939,",2022,https://clinicaltrials.gov/show/NCT05593939,,02476448,https://clinicaltrials.gov/study/NCT05593939,,,
435,CN-02848008,none,EXCLUDE,No NMN/NR,title/abstract,"Qualia NAD+® Increases NAD+ In Human Participants: a Randomized, Double-Blind, Placebo-Controlled Study","Blomquist, SA; Kelly, G; Adaes, S...",2025,medRxiv: the preprint server for health sciences,10.1101/2025.03.19.25324259,02848008,https://doi.org/10.1101/2025.03.19.25324259,,,
436,CN-02612678,none,EXCLUDE,No NMN/NR,screening,Systemic NAD+ deficiency reveals a potential therapeutic target for RYR1-related myopathies,"Lawal, T; Riekhof, W; Groom, L...",2023,Neuromuscular disorders,10.1016/j.nmd.2023.07.247,02612678,https://doi.org/10.1016/j.nmd.2023.07.247,,,
445,CN-02159110,none,EXCLUDE,No NMN/NR,title/abstract,"Safety of NR-INF-02, an Extract of Curcuma Longa Containing Turmerosaccharides, in Healthy Volunteers: a Randomized, Open-label Clinical Trial","Selvi, M; Mohan Mv, R; Bethapudi, B...",2022,Alternative therapies in health and medicine,,02159110,https://pubmed.ncbi.nlm.nih.gov/02159110,,,
518,CN-01918936,none,EXCLUDE,No NMN/NR,abstract screen,NAD-supplementation in Drug naïve Parkinson's Disease,"NCT03816020,",2018,https://clinicaltrials.gov/show/NCT03816020,,01918936,https://clinicaltrials.gov/study/NCT03816020,,,
523,CN-01937237,none,EXCLUDE,No NMN/NR,abstract screen,Impact of Acute Dietary Nitrate Supplementation during Exercise in Hypertensive Women,"Caldwell, JT; Sutterfield, SL; Post, HK...",2019,Medicine and science in sports and exercise,10.1249/MSS.0000000000001857,01937237,https://doi.org/10.1249/MSS.0000000000001857,,,
661,CN-02759156,none,EXCLUDE,No NMN/NR,screening,Acute impact of inorganic nitrate supplementation after ischemia and during small muscle mass exercise in postmenopausal females: a pilot study,"Caldwell, JT; Koenke, A; Zimmerman, L...",2024,Physiological reports,10.14814/phy2.70076,02759156,https://doi.org/10.14814/phy2.70076,,,
715,CN-01662321,none,EXCLUDE,No NMN/NR,abstract,Basis: evaluating Sirtuin Supplements To Benefit Elderly Trauma Patients (BES2T BET),"NCT03635411,",2018,https://clinicaltrials.gov/show/NCT03635411,,01662321,https://clinicaltrials.gov/study/NCT03635411,,,
814,CN-02410515,none,EXCLUDE,No NMN/NR,title/abstract,A clinical trial is being conducted to see the benefit of a known lipid-lowering drug such as pitavastatin in patients with advanced prostate cancer who are being treated with the new anti-androgens,"EUCTR2022-000082-41-ES,",2022,https://trialsearch.who.int/Trial2.aspx?TrialID=EUCTR2022-000082-41-ES,,02410515,https://pubmed.ncbi.nlm.nih.gov/02410515,,,
851,CN-02184687,none,EXCLUDE,No NMN/NR,screening,Study on health promotion by exercise nutrition intervention: a randomized controlled trial,"ChiCTR2000035138,",2020,https://trialsearch.who.int/Trial2.aspx?TrialID=ChiCTR2000035138,,02184687,https://www.chictr.org.cn/showproj.html?proj=2000035138,,,
856,40969372,none,EXCLUDE,No NMN/NR,title/abstract,NADH supplementation improves human oocyte maturation and developmental competence of resulting embryos in controlled ovarian hyperstimulation cycles: a pilot study implicating the CDK2/GAS6 signaling pathway.,"Zhang, Qiqi; Yang, Han; Yang, Dandan...",2025,Frontiers in endocrinology,https://dx.doi.org/10.3389/fendo.2025.1627679,40969372,https://doi.org/https://dx.doi.org/10.3389/fendo.2025.1627679,,,
860,39661983,none,EXCLUDE,No NMN/NR,abstract,NAD+ metabolism restriction boosts high-dose melphalan efficacy in patients with multiple myeloma.,"Soncini, Debora; Becherini, Pamela; Ladisa, Francesco...",2025,Blood advances,https://dx.doi.org/10.1182/bloodadvances.2024013425,39661983,https://doi.org/https://dx.doi.org/10.1182/bloodadvances.2024013425,,,
864,37364580,none,EXCLUDE,No NMN/NR,title/abstract,Nicotinamide Adenine Dinucleotide in Aging Biology: Potential Applications and Many Unknowns.,"Bhasin, Shalender; Seals, Douglas; Migaud, Marie...",2023,Endocrine reviews,https://dx.doi.org/10.1210/endrev/bnad019,37364580,https://doi.org/https://dx.doi.org/10.1210/endrev/bnad019,,,
882,32790648,none,EXCLUDE,No NMN/NR,screening,Boosting NAD level suppresses inflammatory activation of PBMCs in heart failure.,"Zhou, Bo; Wang, Dennis Ding-Hwa; Qiu, Yanhua...",2020,The Journal of clinical investigation,https://dx.doi.org/10.1172/JCI138538,32790648,https://doi.org/https://dx.doi.org/10.1172/JCI138538,,,
888,29189123,none,EXCLUDE,No NMN/NR,abstract,Anti-Aging Drugs - Prospect of Longer Life?.,"Klimova, Blanka; Novotny, Michal; Kuca, Kamil",2018,Current medicinal chemistry,https://dx.doi.org/10.2174/0929867325666171129215251,29189123,https://doi.org/https://dx.doi.org/10.2174/0929867325666171129215251,,,
941,WOS:000442974100019,none,EXCLUDE,No NMN/NR,abstract,Vitamin B3 forms as precursors to NAD plus : Are they safe?,"Poljsak, B; Milisava, I",2018,TRENDS IN FOOD SCIENCE & TECHNOLOGY,10.1016/j.tifs.2018.07.020,000442974100019,https://doi.org/10.1016/j.tifs.2018.07.020,,,
954,WOS:001689847900001,none,EXCLUDE,No NMN/NR,screening,Restoring NAD plus -Sirtuins Signaling: A Novel Approach to Combat Male Reproductive Aging,"Zhou, L; Lan, XC; Wang, MJ...",2026,WORLD JOURNAL OF MENS HEALTH,10.5534/wjmh.250248,001689847900001,https://doi.org/10.5534/wjmh.250248,,,
962,WOS:A1993LP64900004,none,EXCLUDE,No NMN/NR,abstract,"EFFECT OF FLUVOXAMINE, IMIPRAMINE AND PLACEBO ON CATECHOLAMINE FUNCTION IN DEPRESSED OUTPATIENTS","JOHNSON, MR; LYDIARD, RB; MORTON, WA...",1993,JOURNAL OF PSYCHIATRIC RESEARCH,10.1016/0022-3956(93)90004-L,64900004,https://doi.org/10.1016/0022-3956(93)90004-L,,,
966,WOS:000080867600018,none,EXCLUDE,No NMN/NR,title/abstract,Respiratory insufficiency in postmenopausal women - Sustained improvement of gas exchange with short-term medroxyprogesterone acetate,"Saaresranta, T; Polo-Kantola, P; Irjala, K...",1999,CHEST,10.1378/chest.115.6.1581,000080867600018,https://doi.org/10.1378/chest.115.6.1581,,,
967,WOS:001684106600001,none,EXCLUDE,No NMN/NR,abstract screen,Hair growth enhancement via mitochondrial activation by Mito-activator complex,"Lee, IG; Lim, HJ; Kwon, EJ...",2026,INTERNATIONAL JOURNAL OF COSMETIC SCIENCE,10.1111/ics.70072,001684106600001,https://doi.org/10.1111/ics.70072,,,
975,"Export Date: 03 March 2026; Cited By: 0; Correspondence Address: X.A. Cambronne; Department of Molecular Biosciences, The University of Texas at Austin, Austin, 78737, United States; email: lulu@austin.utexas.edu; CODEN: MOMEE",none,EXCLUDE,No NMN/NR,screening,From Bench to Clinic: The 2024 FASEB Scientific Research Conference on NAD Metabolism and Signaling,"Imai, S.-I.; Pirinen, E.; Sack, M.N....",2025,Molecular Medicine,10.1186/s10020-025-01394-0,,https://doi.org/10.1186/s10020-025-01394-0,,,
977,"Export Date: 03 March 2026; Cited By: 37; Correspondence Address: V. Sorrentino; Healthy Longevity Translational Research Programme, Yong Loo Lin School of Medicine, National University of Singapore, Singapore, Singapore; email: vsorrent@nus.edu.sg",none,EXCLUDE,No NMN/NR,title/abstract,The role of NAD+ metabolism and its modulation of mitochondria in aging and disease,"Yusri, K.; Jose, S.; Vermeulen, K.S....",2025,NPJ Metabolic Health and Disease,10.1038/s44324-025-00067-0,,https://doi.org/10.1038/s44324-025-00067-0,,,
980,"Export Date: 03 March 2026; Cited By: 4; Correspondence Address: R.H. Houtkooper; Laboratory Genetic Metabolic Diseases, Amsterdam UMC, University of Amsterdam, Amsterdam, Netherlands; email: r.h.houtkooper@amsterdamumc.nl",none,EXCLUDE,No NMN/NR,abstract,NAD+ precursor supplementation in human ageing: clinical evidence and challenges,"Vinten, K.T.; Trętowicz, M.M.; Coskun, E....",2025,Nature Metabolism,10.1038/s42255-025-01387-7,,https://doi.org/10.1038/s42255-025-01387-7,,,
982,"Export Date: 03 March 2026; Cited By: 2; Correspondence Address: A.J. Clark; Pediatrics, Pediatric Nephrology and Children’s Medical Center Dallas, University of Texas Southwestern, Dallas, United States; email: Amanda.clark@utsouthwestern.edu; CODEN: PEDNE",none,EXCLUDE,No NMN/NR,abstract screen,Pediatric acute kidney injury is associated with impairment in nicotinamide adenine dinucleotide (NAD+) metabolism,"Clark, A.J.; Flores, B.M.; Saade, M.C....",2025,Pediatric Nephrology,10.1007/s00467-025-06791-5,,https://doi.org/10.1007/s00467-025-06791-5,,,
997,"Export Date: 03 March 2026; Cited By: 1; Correspondence Address: S.B. Iloki-Assanga; Dept. of Chemical Biological Sciences, University of Sonora, Hermosillo, Mexico, Hemosillo, Sonora, 83000, Mexico; email: simon.iloki@unison.mx",none,EXCLUDE,No NMN/NR,title/abstract,Nutraceutical and dietary measures with potential for preventing/controlling non-alcoholic fatty liver disease and its complications,"Lewis, L.M.; McCarty, M.F.; Gálvez Ruiz, J.C....",2024,Human Nutrition and Metabolism,10.1016/j.hnm.2024.200281,,https://doi.org/10.1016/j.hnm.2024.200281,,,
1015,"Export Date: 03 March 2026; Cited By: 28; Correspondence Address: E.F. Fang; Department of Clinical Molecular Biology, University of Oslo and Akershus University Hospital, Lørenskog, 1478, Norway; email: e.f.fang@medisin.no; V.A. Bohr; DNA Repair Section, National Institute on Aging, National Institutes of Health, Baltimore, 21224, United States; email: vbohr@sund.ku.dk",none,EXCLUDE,No NMN/NR,screening,Roles of NAD+ in Health and Aging,"Lautrup, S.; Hou, Y.; Fang, E.F....",2024,Cold Spring Harbor Perspectives in Medicine,10.1101/cshperspect.a041193,,https://doi.org/10.1101/cshperspect.a041193,,,
1017,"Export Date: 03 March 2026; Cited By: 12; Correspondence Address: A. Chiarugi; Section of Clinical Pharmacology and Oncology, Department of Health Sciences, University of Florence, Florence, Italy; email: alberto.chiarugi@unifi.it; CODEN: TPHSD",none,EXCLUDE,No NMN/NR,abstract,Glaucoma: neuroprotection with NAD-based therapeutic interventions,"Chiarugi, A.",2023,Trends in Pharmacological Sciences,10.1016/j.tips.2023.09.010,,https://doi.org/10.1016/j.tips.2023.09.010,,,
1018,"Export Date: 03 March 2026; Cited By: 36; Correspondence Address: W. Xia; Department of Hypertension and Vascular Disease, The First Affiliated Hospital of Sun Yat-sen University, Guangzhou, 510080, China; email: xwhzsyy@163.com; J. Tao; Department of Hypertension and Vascular Disease, The First Affiliated Hospital of Sun Yat-sen University, Guangzhou, 510080, China; email: taojungz123@163.com; H. Huang; Department of Cardiology, The Eighth Affiliated Hospital of Sun Yat-sen University, Shenzhen, 518033, China; email: huangh8@mail.sysu.edu.cn",none,EXCLUDE,No NMN/NR,screening,NAD+ exhaustion by CD38 upregulation contributes to blood pressure elevation and vascular damage in hypertension,"Qiu, Y.; Xu, S.; Chen, X....",2023,Signal Transduction and Targeted Therapy,10.1038/s41392-023-01577-3,,https://doi.org/10.1038/s41392-023-01577-3,,,
1020,"Export Date: 03 March 2026; Cited By: 17; Correspondence Address: T. Nakagawa; Department of Molecular and Medical Pharmacology, Faculty of Medicine, University of Toyama, Toyama, Japan; email: nakagawa@med.u-toyama.ac.jp; CODEN: ARSIF",none,EXCLUDE,No NMN/NR,title/abstract,NAD+ Precursors in Human Health and Disease: Current Status and Future Prospects,"Yaku, K.; Nakagawa, T.",2023,Antioxidants and Redox Signaling,10.1089/ars.2023.0354,,https://doi.org/10.1089/ars.2023.0354,,,
1029,"Export Date: 03 March 2026; Cited By: 7; Correspondence Address: L. Chen; Sino-European Center of Biomedicine and Health, Shenzhen Key Laboratory for the Intelligent Microbial Manufacturing of Medicines, Shenzhen Institute of Advanced Technology Chinese Academy of Sciences, Shenzhen, China; email: lq.chen@siat.ac.cn; Q. Yu; Sino-European Center of Biomedicine and Health, Shenzhen Key Laboratory for the Intelligent Microbial Manufacturing of Medicines, Shenzhen Institute of Advanced Technology Chinese Academy of Sciences, Shenzhen, China; email: q.yu@siat.ac.cn; M. Hu; Department of Sports Medicine, Guangzhou Sport University, Guangzhou, China; email: whoomin@aliyun.com; CODEN: ACGEC",none,EXCLUDE,No NMN/NR,abstract screen,Fingerstick blood assay maps real-world NAD+ disparity across gender and age,"Wang, P.; Chen, M.; Hou, Y....",2023,Aging Cell,10.1111/acel.13965,,https://doi.org/10.1111/acel.13965,,,
1030,"Export Date: 03 March 2026; Cited By: 12; Correspondence Address: C. Perez-Sanchez; Rheumatology Service, Maimonides Institute of Biomedical Research of Cordoba (IMIBIC), Reina Sofia University Hospital, University of Córdoba, and Department of Cell Biology, Immunology and Physiology, Agrifood Campus of International Excellence, University of Córdoba, Campus de Excelencia Internacional Agroalimentario (ceiA3), Córdoba, Spain; Cobiomic Bioscience, Spain; email: rosario.lopez.exts@juntadeandalucia.es",none,EXCLUDE,No NMN/NR,title/abstract,Preclinical Characterization of Pharmacologic NAD+ Boosting as a Promising Therapeutic Approach in Rheumatoid Arthritis,"Pérez-Sánchez, C.; Escudero-Contreras, A.; Cerdó, T....",2023,Arthritis and Rheumatology,10.1002/art.42528,,https://doi.org/10.1002/art.42528,,,
1034,"Export Date: 03 March 2026; Cited By: 21; Correspondence Address: S.E. Espinoza; Sam and Ann Barshop Institute for Longevity and Aging Studies, University of Texas Health Science Center at San Antonio, San Antonio, 7703 Floyd Curl Drive, 78229, United States; email: espinozas2@uthscsa.edu; CODEN: JGASF",none,EXCLUDE,No NMN/NR,title/abstract,Drugs Targeting Mechanisms of Aging to Delay Age-Related Disease and Promote Healthspan: Proceedings of a National Institute on Aging Workshop,"Espinoza, S.; Khosla, S.; Baur, J.A....",2023,Journals of Gerontology - Series A Biological Sciences and Medical Sciences,10.1093/gerona/glad034,,https://doi.org/10.1093/gerona/glad034,,,
1042,"Export Date: 03 March 2026; Cited By: 6; Correspondence Address: Y. Yan; Institute of Microbiology, Guangxi Academy of Agricultural Sciences, Nanning, China; email: infungi@126.com; Y. Liao; Guangxi Veterinary Research Institute, Nanning, China; email: 315951610@qq.com",none,EXCLUDE,No NMN/NR,abstract,Ganoderma lingzhi culture enhance growth performance via improvement of antioxidant activity and gut probiotic proliferation in Sanhuang broilers,"Liu, X.; Huang, L.; Shi, Y....",2023,Frontiers in Veterinary Science,10.3389/fvets.2023.1143649,315951610,https://doi.org/10.3389/fvets.2023.1143649,,,
1043,"Export Date: 03 March 2026; Cited By: 14; Correspondence Address: L. Chanvillard; Nestlé Institute of Health Sciences, Nestlé Research, Lausanne, 1015, Switzerland; email: lucie.chanvillard@rd.nestle.com; V. Sorrentino; Nestlé Institute of Health Sciences, Nestlé Research, Lausanne, 1015, Switzerland; email: vsorrent@nus.edu.sg",none,EXCLUDE,No NMN/NR,screening,NAD+ Metabolism and Interventions in Premature Renal Aging and Chronic Kidney Disease,"Chanvillard, L.; Tammaro, A.; Sorrentino, V.",2023,Cells,10.3390/cells12010021,,https://doi.org/10.3390/cells12010021,,,
1046,"Export Date: 03 March 2026; Cited By: 23; Correspondence Address: I. Milisav; Faculty of Medicine, Institute of Pathophysiology, University of Ljubljana, Ljubljana, Zaloska 4, SI-1000, Slovenia; email: irina.milisav@mf.uni-lj.si",none,EXCLUDE,No NMN/NR,title/abstract,Current Uncertainties and Future Challenges Regarding NAD+ Boosting Strategies,"Poljšak, B.; Kovač, V.; Milisav, I.",2022,Antioxidants,10.3390/antiox11091637,,https://doi.org/10.3390/antiox11091637,,,
1049,"Export Date: 03 March 2026; Cited By: 35; Correspondence Address: G.J. Guillemin; Neuroinflammation Group, Faculty of Medicine and Health Sciences, Macquarie University, Australia; email: gilles.guillemin@mq.edu.au",none,EXCLUDE,No NMN/NR,title/abstract,The Role of Kynurenine Pathway and NAD+ Metabolism in Myalgic Encephalomyelitis/Chronic Fatigue Syndrome,"Dehhaghi, M.; Kazemi Shariat Panahi, H.K.S.; Kavyani, B....",2022,Aging and Disease,10.14336/AD.2021.0824,,https://doi.org/10.14336/AD.2021.0824,,,
1050,"Export Date: 03 March 2026; Cited By: 1; Correspondence Address: T. Nakagawa; Department of Molecular and Medical Pharmacology, Faculty of Medicine, University of Toyama, Toyama, Japan; email: nakagawa@med.u-toyama.ac.jp",none,EXCLUDE,No NMN/NR,abstract screen,NAD+ metabolism in aging,"Palikhe, S.; Nakagawa, T.",2022,"Aging Mechanisms II: Longevity, Metabolism, and Brain Aging",10.1007/978-981-16-7977-3_8,,https://doi.org/10.1007/978-981-16-7977-3_8,,,
1053,"Export Date: 03 March 2026; Cited By: 45; Correspondence Address: M. Dall; Novo Nordisk Foundation Center for Basic Metabolic Research, Faculty of Health and Medical Sciences, University of Copenhagen, Copenhagen, Denmark; email: dall@sund.ku.dk; J.T. Treebak; Novo Nordisk Foundation Center for Basic Metabolic Research, Faculty of Health and Medical Sciences, University of Copenhagen, Copenhagen, Denmark; email: jttreebak@sund.ku.dk; CODEN: JPHYA",none,EXCLUDE,No NMN/NR,abstract screen,"NAD+ and NAFLD – caution, causality and careful optimism","Dall, M.; Hassing, A.S.; Treebak, J.T.",2022,Journal of Physiology,10.1113/JP280908,,https://doi.org/10.1113/JP280908,,,
1061,"Export Date: 03 March 2026; Cited By: 30; Correspondence Address: J.C. Escolà-Gil; Institut de Recerca i d’Investigació Biomèdica de l’Hospital de la Santa Creu i Sant Pau, IIB-Sant Pau, Barcelona, 08041, Spain; email: jescola@santpau.cat; F. Blanco-Vaca; Department of Biochemistry and Molecular Biology, Universitat Autònoma de Barcelona, Barcelona, 08193, Spain; email: fblancova@santpau.cat; J. Julve; Institut de Recerca i d’Investigació Biomèdica de l’Hospital de la Santa Creu i Sant Pau, IIB-Sant Pau, Barcelona, 08041, Spain; email: jjulve@santpau.cat",none,EXCLUDE,No NMN/NR,screening,Therapeutic potential of emerging NAD+-increasing strategies for cardiovascular diseases,"Rotllan, N.; Camacho Pérez De Madrid, M.; Tondo, M....",2021,Antioxidants,10.3390/antiox10121939,,https://doi.org/10.3390/antiox10121939,,,
1064,"Export Date: 03 March 2026; Cited By: 171; Correspondence Address: S. Sedej; Department of Cardiology, Medical University of Graz, Austria; email: simon.sedej@medunigraz.at; G. Kroemer; Metabolomics and Cell Biology Platforms, Institut Gustave Roussy, Villejuif, France; email: kroemer@orange.fr; CODEN: CIRCA",none,EXCLUDE,No NMN/NR,screening,"NAD+ Metabolism in Cardiac Health, Aging, and Disease","Abdellatif, M.; Sedej, S.; Kroemer, G.",2021,Circulation,10.1161/CIRCULATIONAHA.121.056589,,https://doi.org/10.1161/CIRCULATIONAHA.121.056589,,,
1069,"Export Date: 03 March 2026; Cited By: 14; Correspondence Address: J.M. Estrela; Department of Physiology, Faculty of Medicine, University of Valencia, Valencia, 46010, Spain; email: jose.m.estrela@uv.es",none,EXCLUDE,No NMN/NR,abstract,NAD+ precursors and antioxidants for the treatment of amyotrophic lateral sclerosis,"Obrador, E.; Salvador-Palmer, R.; López-Blanch, R....",2021,Biomedicines,10.3390/biomedicines9081000,,https://doi.org/10.3390/biomedicines9081000,,,
1071,"Export Date: 03 March 2026; Cited By: 79; Correspondence Address: C.W.S. Hoong; Division of Endocrinology, Department of General Medicine, Woodlands Health Campus, National Healthcare Group Singapore, Singapore, 768024, Singapore; email: caroline_hoong@whc.sg; CODEN: ENDOA",none,EXCLUDE,No NMN/NR,screening,SGLT2 Inhibitors as Calorie Restriction Mimetics: Insights on Longevity Pathways and Age-Related Diseases,"Hoong, C.W.S.; Chua, M.W.J.",2021,Endocrinology (United States),10.1210/endocr/bqab079,,https://doi.org/10.1210/endocr/bqab079,,,
1075,"Export Date: 03 March 2026; Cited By: 180; Correspondence Address: J.A. Hill; Internal Medicine (Cardiology), University of Texas, Southwestern Medical Center, Dallas, United States; email: joseph.hill@utsouthwestern.edu; CODEN: CIRUA",none,EXCLUDE,No NMN/NR,abstract screen,NAD+ Repletion Reverses Heart Failure with Preserved Ejection Fraction,"Tong, D.; Schiattarella, G.G.; Jiang, N....",2021,Circulation Research,10.1161/CIRCRESAHA.120.317046,,https://doi.org/10.1161/CIRCRESAHA.120.317046,,,
1084,"Export Date: 03 March 2026; Cited By: 6; Correspondence Address: G.H. Tinnevelt; Institute for Molecules and Materials, Radboud University, Nijmegen, 6525 AJ, Netherlands; email: gtinnevelt@science.ru.nl",none,EXCLUDE,No NMN/NR,screening,Variable selection in untargeted metabolomics and the danger of sparsity,"Tinnevelt, G.H.; Engelke, U.F.H.; Wevers, R.A....",2020,Metabolites,10.3390/metabo10110470,,https://doi.org/10.3390/metabo10110470,,,
1088,"Export Date: 03 March 2026; Cited By: 19; Correspondence Address: K.S. Ramos; Department of Physiology, Amsterdam UMC, Vrije Universiteit, Amsterdam Cardiovascular Sciences, Amsterdam, Netherlands; email: k.silvaramos@amsterdamumc.nl",none,EXCLUDE,No NMN/NR,title/abstract,"DNA Damage, an Innocent Bystander in Atrial Fibrillation and Other Cardiovascular Diseases?","Ramos, K.S.; Brundel, B.J.J.M.",2020,Frontiers in Cardiovascular Medicine,10.3389/fcvm.2020.00067,,https://doi.org/10.3389/fcvm.2020.00067,,,
1090,"Export Date: 03 March 2026; Cited By: 40; Correspondence Address: A. Mardinoglu; Science for Life Laboratory, KTH—Royal Institute of Technology, Stockholm, Sweden; email: adilm@scilifelab.se; J. Borén; Department of Molecular and Clinical Medicine, University of Gothenburg and Sahlgrenska University Hospital Gothenburg, Gothenburg, Sweden; email: jan.boren@wlab.gu.se; A. Mardinoglu; Science for Life Laboratory, KTH—Royal Institute of Technology, Stockholm, Sweden; email: adilm@scilifelab.se",none,EXCLUDE,No NMN/NR,screening,The acute effect of metabolic cofactor supplementation: a potential therapeutic strategy against non-alcoholic fatty liver disease,"Zhang, C.; Björnson, E.; Arif, M....",2020,Molecular Systems Biology,10.15252/msb.209495,,https://doi.org/10.15252/msb.209495,,,
1093,"Export Date: 03 March 2026; Cited By: 35; Correspondence Address: E.F. Fang; Department of Clinical Molecular Biology, University of Oslo and Akershus University Hospital, Lørenskog, 1478, Norway; email: e.f.fang@medisin.uio.no; CODEN: MAGDA",none,EXCLUDE,No NMN/NR,screening,Targeting NAD+ in translational research to relieve diseases and conditions of metabolic stress and ageing,"Gilmour, B.C.; Gudmundsrud, R.; Frank, J....",2020,Mechanisms of Ageing and Development,10.1016/j.mad.2020.111208,,https://doi.org/10.1016/j.mad.2020.111208,,,
1096,"Export Date: 03 March 2026; Cited By: 13; Correspondence Address: T.K. Ito; Department of Cellular and Molecular Anatomy, Hamamatsu University School of Medicine, Hamamatsu, 431-3192, Japan; email: takashi.ito.cj@riken.jp",none,EXCLUDE,No NMN/NR,abstract,A nonrandomized study of single oral supplementation within the daily tolerable upper level of nicotinamide affects blood nicotinamide and NAD+ levels in healthy subjects,"Ito, T.K.; Sato, T.; Hakamata, A....",2020,Translational Medicine of Aging,10.1016/j.tma.2020.04.002,,https://doi.org/10.1016/j.tma.2020.04.002,,,
1098,"Export Date: 03 March 2026; Cited By: 30; Correspondence Address: A. Mardinoglu; Science for Life Laboratory, KTH-Royal Institute of Technology, Stockholm, Sweden; email: adilm@scilifelab.se",none,EXCLUDE,No NMN/NR,title/abstract,The potential use of metabolic cofactors in treatment of NAFLD,"Mardinoğlu, A.; Ural, D.; Zeybel, M....",2019,Nutrients,10.3390/nu11071578,,https://doi.org/10.3390/nu11071578,,,
1099,"Export Date: 03 March 2026; Cited By: 193; Correspondence Address: T. Nakagawa; Department of Metabolism and Nutrition, Graduate School of Medicine and Pharmaceutical Science for Research, University of Toyama, Toyama, 2630 Sugitani, Toyama, 930-0194, Japan; email: nakagawa@med.u-toyama.ac.jp; CODEN: JBCIE",none,EXCLUDE,No NMN/NR,abstract,Implications of altered NAD metabolism in metabolic disorders,"Okabe, K.; Yaku, K.; Tobe, K....",2019,Journal of Biomedical Science,10.1186/s12929-019-0527-8,,https://doi.org/10.1186/s12929-019-0527-8,,,
1112,"Export Date: 03 March 2026; Cited By: 717; Correspondence Address: D.A. Sinclair; Department of Genetics, Harvard Medical School, Boston, 02115, United States; email: david_sinclair@hms.harvard.edu; CODEN: NRMCB",none,EXCLUDE,No NMN/NR,abstract screen,Slowing ageing by design: The rise of NAD+ and sirtuin-activating compounds,"Bonkowski, M.S.; Sinclair, D.A.",2016,Nature Reviews Molecular Cell Biology,10.1038/nrm.2016.93,,https://doi.org/10.1038/nrm.2016.93,,,
1120,"Export Date: 03 March 2026; Cited By: 69; Correspondence Address: E. S. Burgos; Albert Einstein College of Medicine, Biochemistry Department, Bronx, NY 10461, United States; email: emmanuel.burgos@einstein.yu.edu; CODEN: CMCHE",none,EXCLUDE,No NMN/NR,screening,NAMPT in regulated NAD biosynthesis and its pivotal role in human metabolism,"Burgos, E.S.",2011,Current Medicinal Chemistry,10.2174/092986711795590101,,https://doi.org/10.2174/092986711795590101,,,
1125,"Export Date: 03 March 2026; Cited By: 262; Correspondence Address: G. Magni; Ist. di Biotecnologie Biochimiche, Univ. Politecnica Delle Marche, 60131 Ancona, Via Ranieri 69, Italy; email: magnig@univpm.it; CODEN: CMLSF",none,EXCLUDE,No NMN/NR,screening,Enzymology of NAD+ homeostasis in man,"Magni, G.; Amici, A.; Emanuelli, M....",2004,Cellular and Molecular Life Sciences,10.1007/s00018-003-3161-1,,https://doi.org/10.1007/s00018-003-3161-1,,,
5,41502156,NR,EXCLUDE,No RCT + no outcome,abstract screen,Evaluation of Nicotinamide Riboside in Prevention of Small Nerve Fiber Axon  Degeneration and Promotion of Nerve Regeneration.,Thomas S; Ben-Davies R; Cetinkaya-Fisgin A...,2026,Journal of the peripheral nervous system : JPNS,10.1111/jns.70101,41502156,https://doi.org/10.1111/jns.70101,,,
28,38430946,NMN,EXCLUDE,No RCT + no outcome,abstract,Towards personalized nicotinamide mononucleotide (NMN) supplementation:  Nicotinamide adenine dinucleotide (NAD) concentration.,Kuerec AH; Wang W; Yi L...,2024,Mechanisms of ageing and development,10.1016/j.mad.2024.111917,38430946,https://doi.org/10.1016/j.mad.2024.111917,,,
37,36936793,NR,EXCLUDE,No RCT + no outcome,title/abstract,Nicotinamide riboside supplementation is not associated with altered methylation  homeostasis in Parkinson's disease.,Gaare JJ; Dolle C; Brakedal B...,2023,iScience,10.1016/j.isci.2023.106278,36936793,https://doi.org/10.1016/j.isci.2023.106278,,,
54,35182418,both,EXCLUDE,No RCT + no outcome,abstract,"MIB-626, an Oral Formulation of a Microcrystalline Unique Polymorph of  beta-Nicotinamide Mononucleotide, Increases Circulating Nicotinamide Adenine Dinucleotide and its Metabolome in Middle-Aged and Older Adults.",Pencina KM; Lavu S; Dos Santos M...,2023,"The journals of gerontology. Series A, Biological sciences and medical sciences",10.1093/gerona/glac049,35182418,https://doi.org/10.1093/gerona/glac049,,,
77,29599478,NR,EXCLUDE,No RCT + no outcome,abstract,Chronic nicotinamide riboside supplementation is well-tolerated and elevates  NAD(+) in healthy middle-aged and older adults.,Martens CR; Denman BA; Mazzo MR...,2018,Nature communications,10.1038/s41467-018-03421-7,29599478,https://doi.org/10.1038/s41467-018-03421-7,,,
87,CN-02891176,NMN,EXCLUDE,No RCT + no outcome,title/abstract,Nicotinamide mononucleotide-a NAD+ precursor- a new hope for rejuvinating fertility outcome in young infertile women with diminished ovarian reserve- a retrospective analysis,"Sen Sharma, D",2025,"Human reproduction (Oxford, England)",10.1093/humrep/deaf097.217,02891176,https://doi.org/10.1093/humrep/deaf097.217,,,
100,CN-02555899,NMN,EXCLUDE,No RCT + no outcome,screening,Effects of dietary supplementation of ß-nicotinamide mononucleotide on the health of alcoholic consumption group,"ChiCTR2200060967,",2022,https://trialsearch.who.int/Trial2.aspx?TrialID=ChiCTR2200060967,,02555899,https://www.chictr.org.cn/showproj.html?proj=2200060967,,,
101,CN-02894840,NR,EXCLUDE,No RCT + no outcome,abstract,Investigation of Nicotinamide riboside Supplementation Impact on Glaucoma Health Trial (INSIGHT),"Leung, CK-S; Guo, Y; Mak, HK...",2025,Investigative ophthalmology &amp; visual science,,02894840,https://pubmed.ncbi.nlm.nih.gov/02894840,,,
102,CN-02230105,NR,EXCLUDE,No RCT + no outcome,abstract screen,Baseline characteristics of a clinical trial of nicotinamide riboside supplementation on brain function in older adults with mild cognitive impairment,"Koleti, M; Bair-Kelps, D; Romo, T...",2020,Journal of the American Geriatrics Society,10.1111/jgs.16431,02230105,https://doi.org/10.1111/jgs.16431,,,
108,CN-02289598,NMN,EXCLUDE,No RCT + no outcome,title/abstract,Nicotinamide Mononucleotide in Hypertensive Patients,"NCT04903210,",2021,https://clinicaltrials.gov/show/NCT04903210,,02289598,https://clinicaltrials.gov/study/NCT04903210,,,
115,CN-02297336,NR,EXCLUDE,No RCT + no outcome,screening,Inflammation in COPD and the Effect of Nicotinamide Riboside,"NCT04990869,",2021,https://clinicaltrials.gov/ct2/show/NCT04990869,,02297336,https://clinicaltrials.gov/study/NCT04990869,,,
121,CN-02125004,NR,EXCLUDE,No RCT + no outcome,title/abstract,Effects of Nicotinamide Riboside on the Clinical Outcome of Covid-19 in the Elderly,"NCT04407390,",2020,https://clinicaltrials.gov/show/NCT04407390,,02125004,https://clinicaltrials.gov/study/NCT04407390,,,
144,CN-02783026,NMN,EXCLUDE,No RCT + no outcome,abstract screen,NICOTINAMIDE MONONUCLEOTIDE SUPPLEMENTATION ENHANCES THE DEVELOPMENTAL POTENTIAL OF IN VITRO MATURATION OOCYTES IN ADVANCED MATERNAL AGE WOMEN BY SAFEGUARDING MITOCHONDRIAL FUNCTION,"Lu, X; Liu, Y; Dong, X...",2024,Fertility and sterility,10.1016/j.fertnstert.2024.08.101,02783026,https://doi.org/10.1016/j.fertnstert.2024.08.101,,,
157,CN-02518085,NR,EXCLUDE,No RCT + no outcome,title/abstract,Mental Intervention and Nicotinamide Riboside Supplementation in Long Covid,"NCT05703074,",2023,https://clinicaltrials.gov/ct2/show/NCT05703074,,02518085,https://clinicaltrials.gov/study/NCT05703074,,,
204,CN-02197205,NR,EXCLUDE,No RCT + no outcome,title/abstract,Milk Volume Outcomes Following Oral Nicotinamide Riboside Supplementation in Mothers of Extremely Preterm Infants,"NCT04614714,",2020,https://clinicaltrials.gov/ct2/show/NCT04614714,,02197205,https://clinicaltrials.gov/study/NCT04614714,,,
226,CN-02741558,NR,EXCLUDE,No RCT + no outcome,abstract,Impact of Nicotinamide Riboside (NR) on Kidney Function in Patients Undergoing Cardiac Surgery,"NCT06521307,",2024,https://clinicaltrials.gov/ct2/show/NCT06521307,,02741558,https://clinicaltrials.gov/study/NCT06521307,,,
232,CN-01111313,NMN,EXCLUDE,No RCT + no outcome,abstract screen,N(1)-methylnicotinamide as an endogenous probe for drug interactions by renal cation transporters: studies on the metformin-trimethoprim interaction,"Müller, F; Pontones, CA; Renner, B...",2015,European journal of clinical pharmacology,10.1007/s00228-014-1770-2,01111313,https://doi.org/10.1007/s00228-014-1770-2,,,
247,CN-02070311,NR,EXCLUDE,No RCT + no outcome,abstract screen,Cross-over trial to verify safety and effectiveness of nicotinamide riboside for patients with Werner syndrome,"jRCTs031190141,",2019,https://trialsearch.who.int/Trial2.aspx?TrialID=JPRN-jRCTs031190141,,02070311,https://jrct.niph.go.jp/latest-detail/jRCTs031190141,,,
257,CN-02070330,NMN,EXCLUDE,No RCT + no outcome,abstract screen,Safety of Yeast Extract containing NMN,"jRCTs041190080,",2019,https://trialsearch.who.int/Trial2.aspx?TrialID=JPRN-jRCTs041190080,,02070330,https://jrct.niph.go.jp/latest-detail/jRCTs041190080,,,
270,CN-02850624,NR,EXCLUDE,No RCT + no outcome,title/abstract,NADream: effects of Nicotinamide Adenine Dinucleotide Supplementation on Sleep Quality in Healthy Individuals,"NCT06971224,",2025,https://clinicaltrials.gov/study/NCT06971224,,02850624,https://clinicaltrials.gov/study/NCT06971224,,,
274,CN-01663626,NR,EXCLUDE,No RCT + no outcome,abstract screen,Nicotinamide Riboside for Diabetic Neuropathy,"NCT03685253,",2018,https://clinicaltrials.gov/study/NCT03685253,,01663626,https://clinicaltrials.gov/study/NCT03685253,,,
309,CN-02702501,NMN,EXCLUDE,No RCT + no outcome,abstract screen,Effect of nicotinamide mononucleotide (NMN) on NAD-capped gene and epitranscriptome from human blood,"ChiCTR2400084067,",2024,https://trialsearch.who.int/Trial2.aspx?TrialID=ChiCTR2400084067,,02702501,https://www.chictr.org.cn/showproj.html?proj=2400084067,,,
326,CN-02253228,NR,EXCLUDE,No RCT + no outcome,abstract screen,Nicotinamide Riboside in SARS-CoV-2 (COVID-19) Patients for Renal Protection,"NCT04818216,",2021,https://clinicaltrials.gov/ct2/show/NCT04818216,,02253228,https://clinicaltrials.gov/study/NCT04818216,,,
333,CN-02816025,NR,EXCLUDE,No RCT + no outcome,abstract,The NAD-HD Study: a Study to Investigate Efficacy and Safety of Nicotinamide Riboside Compared with Placebo in Huntington's Disease,"NCT06853743,",2025,https://clinicaltrials.gov/ct2/show/NCT06853743,,02816025,https://clinicaltrials.gov/study/NCT06853743,,,
337,CN-02554354,NR,EXCLUDE,No RCT + no outcome,abstract screen,"Effect of nicotinamide riboside supplementation in dilated cardiomyopathy patients to CERP, Chromadex Inc. USA","CTRI/2023/04/051385,",2023,https://trialsearch.who.int/Trial2.aspx?TrialID=CTRI/2023/04/051385,,02554354,https://ctri.nic.in/Clinicaltrials/pmaindet2.php?trialid=CTRI/2023/04/051385,,,
344,CN-02067173,NMN,EXCLUDE,No RCT + no outcome,title/abstract,To Evaluate the Efficacy and Safety of vitamin NMN in Middle Aged and Older Adults for Anti-aging and Work-Out Enhancer,"CTRI/2019/12/022514,",2019,https://trialsearch.who.int/Trial2.aspx?TrialID=CTRI/2019/12/022514,,02067173,https://ctri.nic.in/Clinicaltrials/pmaindet2.php?trialid=CTRI/2019/12/022514,,,
486,CN-02828740,NMN,EXCLUDE,No RCT + no outcome,abstract,"A Single Dose Study Of Investigational Product Containing Nicotinamide Mononucleotide (NMN), In Healthy, Adult, Human Subjects Under Fasting Conditions","CTRI/2025/03/081830,",2025,https://trialsearch.who.int/Trial2.aspx?TrialID=CTRI/2025/03/081830,,02828740,https://ctri.nic.in/Clinicaltrials/pmaindet2.php?trialid=CTRI/2025/03/081830,,,
488,CN-02634873,NMN,EXCLUDE,No RCT + no outcome,abstract screen,"To Investigate the change in oral bioavailability of Nicotinamide Mononucleotide (NMN, 500mg) when 5mg Bioperine is added to NMN 500mg in normal healthy volunteers","CTRI/2023/11/059982,",2023,https://trialsearch.who.int/Trial2.aspx?TrialID=CTRI/2023/11/059982,,02634873,https://ctri.nic.in/Clinicaltrials/pmaindet2.php?trialid=CTRI/2023/11/059982,,,
553,CN-02823693,NMN,EXCLUDE,No RCT + no outcome,abstract screen,"Evaluate the Safety, Tolerability, and Efficacy of UthPeak NMNH (Reduced Nicotinamide Mononucleotide) in Healthy Adult Participants","NCT06889740,",2025,https://clinicaltrials.gov/ct2/show/NCT06889740,,02823693,https://clinicaltrials.gov/study/NCT06889740,,,
571,CN-02766984,NMN,EXCLUDE,No RCT + no outcome,abstract,Investigate the Efficacy of Using NMN to Improve Embryo Development Capacity,"NCT06629636,",2024,https://clinicaltrials.gov/ct2/show/NCT06629636,,02766984,https://clinicaltrials.gov/study/NCT06629636,,,
695,CN-01972245,NMN,EXCLUDE,No RCT + no outcome,abstract screen,NMN clinical study,"jRCTs051190002,",2019,https://trialsearch.who.int/Trial2.aspx?TrialID=JPRN-jRCTs051190002,,01972245,https://jrct.niph.go.jp/latest-detail/jRCTs051190002,,,
758,CN-02897906,NMN,EXCLUDE,No RCT + no outcome,title/abstract,The study to evaluate the effect of supplements on endurance performance,"JPRN-UMIN000049372,",2024,https://trialsearch.who.int/Trial2.aspx?TrialID=JPRN-UMIN000049372,,02897906,https://center6.umin.ac.jp/cgi-open-bin/ctr_e/ctr_view.cgi?recptno=R000049372,,,
839,CN-02448066,NMN,EXCLUDE,No RCT + no outcome,title/abstract,Effect of exercise nutrition intervention on pre-diabetes patients,"ChiCTR2000040222,",2020,http://www.who.int/trialsearch/Trial2.aspx?TrialID=ChiCTR2000040222,,02448066,https://www.chictr.org.cn/showproj.html?proj=2000040222,,,
857,40479886,NR,EXCLUDE,No RCT + no outcome,abstract screen,Effects of NAD+ supplementation with oral nicotinamide riboside on vascular health and cognitive function in older adults with peripheral artery disease: Results from a pilot 4-week open-label clinical trial.,"Szarvas, Zsofia; Reyff, Zeke A; Peterfi, Anna...",2025,The Journal of pharmacology and experimental therapeutics,https://dx.doi.org/10.1016/j.jpet.2025.103607,40479886,https://doi.org/https://dx.doi.org/10.1016/j.jpet.2025.103607,,,
863,37899683,NR,EXCLUDE,No RCT + no outcome,title/abstract,Long-Term Nicotinamide Riboside Use Improves Coordination and Eye Movements in Ataxia Telangiectasia.,"Presterud, Rebecca; Deng, Wei Hai; Wennerstrom, Anna Berit...",2024,Movement disorders : official journal of the Movement Disorder Society,https://dx.doi.org/10.1002/mds.29645,37899683,https://doi.org/https://dx.doi.org/10.1002/mds.29645,,,
948,WOS:001604050800001,NMN,EXCLUDE,No RCT + no outcome,abstract,Oral Supplementation of Nicotinamide Mononucleotide (NMN) Improves Hair Quality and Subjective Perception of Hair Appearance in Middle-Aged Women,"Fukumoto, S; Ito, M; Kunitomo, H...",2025,COSMETICS,10.3390/cosmetics12050204,001604050800001,https://doi.org/10.3390/cosmetics12050204,,,
960,WOS:000588251000001,NR,EXCLUDE,No RCT + no outcome,abstract screen,Nicotinamide Riboside and Pterostilbene Cooperatively Delay Motor Neuron Failure in ALS SOD1G93A Mice,"Obrador, E; Salvador, R; Marchio, P...",2021,MOLECULAR NEUROBIOLOGY,10.1007/s12035-020-02188-7,000588251000001,https://doi.org/10.1007/s12035-020-02188-7,,,
991,"Export Date: 03 March 2026; Cited By: 0; Correspondence Address: R.G. Zhai; Department of Molecular and Cellular Pharmacology, University of Miami Miller School of Medicine, Miami, 33136, United States; email: rgzhai@uchicago.edu",NMN,EXCLUDE,No RCT + no outcome,abstract,Nuclear NAD+ synthase nicotinamide mononucleotide adenylyltransferase 1 contributes to nuclear atypia and promotes glioma growth,"Liu, J.; Zhu, Y.; Canic, T....",2025,Neuro-Oncology Advances,10.1093/noajnl/vdaf029,,https://doi.org/10.1093/noajnl/vdaf029,,,
1005,"Export Date: 03 March 2026; Cited By: 2; Correspondence Address: M.N. Sack; Laboratory of Mitochondrial Biology and Metabolism, National Heart, Lung, and Blood Institute, National Institutes of Health, Bldg. 10-CRC, Room 5-3342, 10 Center Drive, Bethesda, 20892, United States; email: sackm@nih.gov",NR,EXCLUDE,No RCT + no outcome,title/abstract,Nicotinamide Riboside Augments Human Macrophage Migration via SIRT3-Mediated Prostaglandin E2 Signaling,"Wu, J.; Bley, M.; Steans, R.S....",2024,Cells,10.3390/cells13050455,,https://doi.org/10.3390/cells13050455,,,
1009,"Export Date: 03 March 2026; Cited By: 20; Correspondence Address: X. Zha; Department of Pharmaceutical Engineering, School of Engineering, China Pharmaceutical University, Nanjing, 639 Longmian Avenue, 211198, China; email: xmzha@cpu.edu.cn; CODEN: BMECE",NMN,EXCLUDE,No RCT + no outcome,abstract screen,Drug discovery targeting nicotinamide phosphoribosyltransferase (NAMPT): Updated progress and perspectives,"Wen, F.; Gui, G.; Wang, X....",2024,Bioorganic and Medicinal Chemistry,10.1016/j.bmc.2024.117595,,https://doi.org/10.1016/j.bmc.2024.117595,,,
1022,"Export Date: 03 March 2026; Cited By: 13; Correspondence Address: N.M.S. de Groot; Department of Cardiology, Erasmus Medical Center, Rotterdam, Netherlands; email: n.m.s.degroot@erasmusmc.nl; CODEN: CDTHE",NR,EXCLUDE,No RCT + no outcome,abstract,The HF-AF ENERGY Trial: Nicotinamide Riboside for the Treatment of Atrial Fibrillation in Heart Failure Patients,"Pool, L.; Knops, P.; Manintveld, O.C....",2023,Cardiovascular Drugs and Therapy,10.1007/s10557-022-07382-4,,https://doi.org/10.1007/s10557-022-07382-4,,,
1032,"Export Date: 03 March 2026; Cited By: 11; Correspondence Address: S. Goulart Nacácio e Silva; Department of Ophthalmology, University of Campinas, São Paulo, Brazil; email: goulartsgns@gmail.com; CODEN: EJOOE",NR,EXCLUDE,No RCT + no outcome,title/abstract,The use of Nicotinamide and Nicotinamide riboside as an adjunct therapy in the treatment of glaucoma,"Goulart Nacácio e Silva, S.; Occhiutto, M.L.; Costa, V.P.",2023,European Journal of Ophthalmology,10.1177/11206721231161101,,https://doi.org/10.1177/11206721231161101,,,
1045,"Export Date: 03 March 2026; Cited By: 63; Correspondence Address: K.D. O'Brien; Division of Cardiology, Department of Medicine, University of Washington, Seattle, United States; email: cardiac@uw.edu; R. Tian; Mitochondrial and Metabolism Center, Department of Anesthesiology and Pain Medicine, University of Washington, Seattle, United States; email: rongtian@uw.edu",NR,EXCLUDE,No RCT + no outcome,abstract screen,Safety and Tolerability of Nicotinamide Riboside in Heart Failure With Reduced Ejection Fraction,"Wang, D.D.; Airhart, S.E.; Zhou, B....",2022,JACC: Basic to Translational Science,10.1016/j.jacbts.2022.06.012,,https://doi.org/10.1016/j.jacbts.2022.06.012,,,
1081,"Export Date: 03 March 2026; Cited By: 63; Correspondence Address: F.A. Zouein; Department of Pharmacology and Toxicology, Faculty of Medicine, American University of Beirut Medical Center, Beirut, Lebanon; email: fouadzouein@outlook.com; M. Mericskay; INSERM Department of Signalling and Cardiovascular Pathophysiology, UMR-S 1180, Université Paris-Saclay, Châtenay-Malabry, France; email: mathias.mericskay@inserm.fr; M.M. Refaat; Department of Internal Medicine, Faculty of Medicine, American University of Beirut Medical Center, Beirut, Lebanon; email: mr48@aub.edu.lb; M.M. Refaat; Department of Internal Medicine, Faculty of Medicine, American University of Beirut Medical Center, Beirut, Lebanon; email: mr48@aub.edu.lb",NR,EXCLUDE,No RCT + no outcome,screening,"Nicotinamide adenine dinucleotide: Biosynthesis, consumption and therapeutic role in cardiac diseases","Tannous, C.; Booz, G.W.; Altara, R....",2021,Acta Physiologica,10.1111/apha.13551,,https://doi.org/10.1111/apha.13551,,,
1122,"Export Date: 03 March 2026; Cited By: 44; Correspondence Address: G. Magni; Istituto di Biotecnologie Biochimiche, Università Politecnica delle Marche, 60131 Ancona, Via Ranieri 69, Italy; email: magnig@univpm.it; CODEN: CMCHE",NMN,EXCLUDE,No RCT + no outcome,title/abstract,NAD(P) biosynthesis enzymes as potential targets for selective drug design,"Magni, G.; Di Stefano, M.; Orsomando, G....",2009,Current Medicinal Chemistry,10.2174/092986709787846505,,https://doi.org/10.2174/092986709787846505,,,
1065,"Export Date: 03 March 2026; Cited By: 41; Correspondence Address: X. Wu; Tianjin Institute of Industrial Biotechnology, Chinese Academy of Sciences (CAS), Tianjin, China; email: wuxin@tib.cas.cn",NMN,UNCERTAIN,Not an RCT; No placebo arm; No relevant metabolic outcomes,title/abstract,"The Impacts of Short-Term NMN Supplementation on Serum Metabolism, Fecal Microbiota, and Telomere Length in Pre-Aging Phase","Niu, K.-M.; Bao, T.; Gao, L....",2021,Frontiers in Nutrition,10.3389/fnut.2021.756243,,https://doi.org/10.3389/fnut.2021.756243,"Niu 2021 - Not an RCT (no randomization/placebo described), open-label pre-post design",fnut-08-756243 (1).pdf,"Niu 2021 - Not an RCT (no randomization/placebo described), open-label pre-post design"
310,CN-02391953,NMN,UNCERTAIN,Not an RCT; No placebo arm; No relevant metabolic outcomes,screening,Effect of NMN (Nicotinamide Mononucleotide) on Polycystic Ovary Syndrome,"NCT05305677,",2022,https://clinicaltrials.gov/study/NCT05305677,,02391953,https://clinicaltrials.gov/study/NCT05305677,"Fan 2025 - NMN in PCOS, not RCT, no placebo, focus on oocyte quality not metabolic",FSB2-39-e70846.pdf,"Fan 2025 - NMN in PCOS, not RCT, no placebo, focus on oocyte quality not metabolic"
150,CN-01796095,NR,UNCERTAIN,Not an RCT; No placebo arm,screening,"Effects of Vitamin B3 Derivative Nicotinamide Riboside (NR) in Bone, Skeletal Muscle and Metabolic Functions in Aging","NCT03818802,",2019,https://clinicaltrials.gov/ct2/show/NCT03818802,,01796095,https://clinicaltrials.gov/study/NCT03818802,"Not an RCT, no placebo - appears to be observational/review of NR effects",1-s2.0-S0022356525398204-main.pdf,"Not an RCT, no placebo - appears to be observational/review of NR effects"
375,CN-01966040,NR,UNCERTAIN,Not an RCT; No placebo arm,abstract,Nicotinamide Riboside Supplementation for Treating Arterial Stiffness and Elevated Systolic Blood Pressure in Patients With Moderate to Severe CKD,"NCT04040959,",2019,https://clinicaltrials.gov/ct2/show/NCT04040959,,01966040,https://clinicaltrials.gov/study/NCT04040959,"Freeberg 2022 - Study protocol only for NCT04040959, no results",fcvm-09-881703.pdf,"Freeberg 2022 - Study protocol only for NCT04040959, no results"
400,CN-01992471,NR,UNCERTAIN,Not an RCT; No placebo arm,title/abstract,Nicotinamide Riboside as an Enhancer of Exercise Therapy in Hypertensive Older Adults (The NEET Trial),"NCT04112043,",2019,https://clinicaltrials.gov/ct2/show/NCT04112043,,01992471,https://clinicaltrials.gov/study/NCT04112043,"NEET Trial protocol only (NCT04112043), no results published yet",Prot_SAP_000.pdf,"NEET Trial protocol only (NCT04112043), no results published yet"
64,33492681,NR,UNCERTAIN,Not an RCT; No placebo arm; No relevant metabolic outcomes,screening,Nicotinamide riboside supplementation does not alter whole-body or skeletal  muscle metabolic responses to a single bout of endurance exercise.,Stocks B; Ashcroft SP; Joanisse S...,2021,The Journal of physiology,10.1113/JP280825,33492681,https://doi.org/10.1113/JP280825,"Stocks 2021 - Sub-study of NR RCT, single bout exercise response, not standalone metabolic outcome trial",Nicotinamide riboside supplementation does not alter whole‐body or skeletal muscle metabolic responses to a single bout of endurance exercise.pdf,"Stocks 2021 - Sub-study of NR RCT, single bout exercise response, not standalone metabolic outcome trial"
189,CN-02507251,NR,UNCERTAIN,Not an RCT; No placebo arm,abstract screen,Treatment With Nicotinamide Riboside Alters Systemic Mitochondrial Metabolism Without Impacting Exercise Capacity in Patients With CKD,"Ahmadi, A; Begue, G; Valencia, AP...",2022,Journal of the American Society of Nephrology: JASN,,02507251,https://pubmed.ncbi.nlm.nih.gov/02507251,"Ahmadi 2022 - Conference poster/abstract only (2 pages), not a full study report",treatment_with_nicotinamide_riboside_alters.3046.pdf,"Ahmadi 2022 - Conference poster/abstract only (2 pages), not a full study report"
126,CN-01575066,NMN,UNCERTAIN,Not an RCT; No placebo arm; No relevant metabolic outcomes,title/abstract,"Effect of ""Nicotinamide Mononucleotide"" (NMN) on Cardiometabolic Function","NCT03151239,",2017,https://clinicaltrials.gov/show/NCT03151239,,01575066,https://clinicaltrials.gov/study/NCT03151239,User excluded - did not download (not fit upon manual inspection),,
185,CN-01901955,NMN,UNCERTAIN,Not an RCT; No placebo arm,abstract,Assessment of the safety of long-term nicotinamide mononucleotide (NMN) in healthy subjects; phase II study. The clinical trial to evaluate metabolic-syndrome-related parameters to develop NMN as Foods with Function Claims,"UMIN000030609,",2017,https://trialsearch.who.int/Trial2.aspx?TrialID=JPRN-UMIN000030609,,01901955,https://center6.umin.ac.jp/cgi-open-bin/ctr_e/ctr_view.cgi?recptno=R000030609,User excluded - did not download (not fit upon manual inspection),,
192,CN-02544612,NMN,UNCERTAIN,no metabolic outcome,screening,Effects of supplementation of ß-nicotinamide mononucleotide (NMN) on patients with non-alcoholic fatty liver (NAFLD),"ChiCTR2200057302,",2022,https://trialsearch.who.int/Trial2.aspx?TrialID=ChiCTR2200057302,,02544612,https://www.chictr.org.cn/showproj.html?proj=2200057302,User excluded - did not download (not fit upon manual inspection),,
434,CN-02408801,NMN,UNCERTAIN,no metabolic outcome; no human markers,title/abstract,"A Randomized, Double Blind, Placebo-Controlled Study to Evaluate the Effect of Nicotinamide Mononucleotide (NMN) As an Adjuvant to Standard of Care (SOC) On Fatigue Associated with COVID-19 Infection","CTRI/2022/02/040399,",2022,https://trialsearch.who.int/Trial2.aspx?TrialID=CTRI/2022/02/040399,,02408801,https://ctri.nic.in/Clinicaltrials/pmaindet2.php?trialid=CTRI/2022/02/040399,User excluded - did not download (not fit upon manual inspection),,
467,CN-02558395,NMN,UNCERTAIN,no metabolic outcome,title/abstract,Parallel-group comparative study to evaluate the effect of high-dose nicotinamide mononucleotide (NMN) on aging,"JPRN-jRCTs031220373,",2022,https://trialsearch.who.int/Trial2.aspx?TrialID=JPRN-jRCTs031220373,,02558395,https://jrct.niph.go.jp/latest-detail/jRCTs031220373,User excluded - did not download (not fit upon manual inspection),,
477,CN-02527085,NMN,UNCERTAIN,no metabolic outcome,screening,"Impact of nicotinamide mononucleotide (NMN) for older diabetic patients with impaired physical performance: a prospective, placebo-controlled, doubleblind study","Akasaka, H; Nakagami, H; Sugimoto, K...",2022,European geriatric medicine,10.1007/s41999-022-00711-8,02527085,https://doi.org/10.1007/s41999-022-00711-8,User excluded - did not download (not fit upon manual inspection),,
476,CN-02748260,NMN,UNCERTAIN,Not an RCT,screening,An exploratory clinical trial on the effects of nicotinamide mononucleotide (NMN) intake and exercise on skeletal muscle mass and function in older adults,"JPRN-UMIN000054187,",2024,https://trialsearch.who.int/Trial2.aspx?TrialID=JPRN-UMIN000054187,,02748260,https://center6.umin.ac.jp/cgi-open-bin/ctr_e/ctr_view.cgi?recptno=R000054187,User excluded - did not download (not fit upon manual inspection),,
170,CN-01568175,NR,UNCERTAIN,Not an RCT,screening,Effects of Nicotinamide Riboside on Metabolism and Vascular Function,"NCT03501433,",2018,https://clinicaltrials.gov/show/NCT03501433,,01568175,https://clinicaltrials.gov/study/NCT03501433,User excluded - did not download (not fit upon manual inspection),,
266,CN-01660920,NR,UNCERTAIN,Not an RCT; No placebo arm,title/abstract,Trial of Nicotinamide Riboside and Co-enzyme Q10 in Chronic Kidney Disease,"NCT03579693,",2018,https://clinicaltrials.gov/show/NCT03579693,,01660920,https://clinicaltrials.gov/study/NCT03579693,User excluded - did not download (not fit upon manual inspection),,
69,31710095,NR,UNCERTAIN,Not an RCT; No placebo arm; No relevant metabolic outcomes,screening,"Nicotinamide riboside does not alter mitochondrial respiration, content or  morphology in skeletal muscle from obese and insulin-resistant men.",Dollerup OL; Chubanava S; Agerholm M...,2020,The Journal of physiology,10.1113/JP278752,31710095,https://doi.org/10.1113/JP278752,User excluded - did not download (not fit upon manual inspection),,
98,CN-02209823,NR,UNCERTAIN,Not an RCT; No placebo arm,screening,Impacts of Nicotinamide Riboside on Functional Capacity and Muscle Physiology in Older Veterans,"NCT04691986,",2020,https://clinicaltrials.gov/ct2/show/NCT04691986,,02209823,https://clinicaltrials.gov/study/NCT04691986,User excluded - did not download (not fit upon manual inspection),,
353,CN-02307420,NR,UNCERTAIN,Not an RCT; No placebo arm,title/abstract,The Effect of Exercise and Nicotinamide Riboside Muscle Health and Insulin Resistance in Survivors of Childhood Cancer,"NCT05023993,",2021,https://clinicaltrials.gov/study/NCT05023993,,02307420,https://clinicaltrials.gov/study/NCT05023993,User excluded - did not download (not fit upon manual inspection),,
